district,season,yield_t_ha,rainfall_anom,ndvi_mean,temp_mean,predicted_yield,hist_mean_yield,drop_pct,risk
Bugesera,2024A,2.368,-0.021,0.525,22.71,2.424,2.39,-1.4,Low
Bugesera,2024B,2.488,-0.18,0.554,21.69,2.295,2.39,4.0,Low
Bugesera,2025A,2.276,-0.347,0.465,22.16,2.091,2.39,12.5,Medium
Bugesera,2025B,2.243,-0.4,0.507,22.48,2.112,2.39,11.6,Medium
Burera,2024A,2.261,0.056,0.564,19.08,2.185,1.936,-12.9,Low
Burera,2024B,2.041,0.215,0.526,21.23,2.397,1.936,-23.8,Low
Burera,2025A,1.949,-0.286,0.504,20.63,2.102,1.936,-8.6,Low
Burera,2025B,2.146,-0.271,0.519,19.91,2.108,1.936,-8.9,Low
Gakenke,2024A,3.417,1.12,0.651,19.42,3.577,2.429,-47.3,Low
Gakenke,2024B,2.126,-1.121,0.519,21.15,2.286,2.429,5.9,Medium
Gakenke,2025A,1.237,-2.436,0.316,21.05,1.628,2.429,33.0,High
Gakenke,2025B,3.252,1.109,0.575,20.74,2.3,2.429,5.3,Medium
Gasabo,2024A,3.417,1.724,0.681,20.19,3.63,2.288,-58.7,Low
Gasabo,2024B,1.653,-1.107,0.426,21.01,2.018,2.288,11.8,Medium
Gasabo,2025A,2.464,-0.005,0.543,20.77,2.606,2.288,-13.9,Low
Gasabo,2025B,2.541,0.091,0.583,18.86,2.65,2.288,-15.8,Low
Gatsibo,2024A,0.643,-2.763,0.312,22.8,1.272,1.802,29.4,High
Gatsibo,2024B,2.585,1.935,0.705,23.53,2.432,1.802,-35.0,Low
Gatsibo,2025A,2.123,0.826,0.627,23.6,2.873,1.802,-59.4,Low
Gatsibo,2025B,2.107,0.496,0.604,22.27,2.737,1.802,-51.9,Low
Gicumbi,2024A,2.582,-0.994,0.482,21.24,2.343,3.36,30.3,High
Gicumbi,2024B,4.276,1.916,0.673,19.4,3.956,3.36,-17.7,Low
Gicumbi,2025A,3.483,0.66,0.623,20.58,3.407,3.36,-1.4,Low
Gicumbi,2025B,3.984,0.767,0.562,21.43,2.87,3.36,14.6,Medium
Gisagara,2024A,1.693,0.069,0.562,21.36,2.11,1.741,-21.2,Low
Gisagara,2024B,1.807,0.333,0.576,20.75,2.063,1.741,-18.5,Low
Gisagara,2025A,1.078,-1.59,0.34,19.61,1.225,1.741,29.6,High
Gisagara,2025B,1.66,-0.293,0.604,21.38,1.915,1.741,-10.0,Low
Huye,2024A,3.711,1.611,0.781,20.18,3.796,2.617,-45.1,Low
Huye,2024B,2.51,-0.31,0.514,20.35,2.75,2.617,-5.1,Low
Huye,2025A,3.478,0.58,0.617,19.3,3.294,2.617,-25.9,Low
Huye,2025B,4.097,2.053,0.721,20.23,4.002,2.617,-52.9,Low
Kamonyi,2024A,2.446,0.229,0.598,20.8,2.049,2.113,3.0,Low
Kamonyi,2024B,1.576,-1.404,0.451,20.26,1.498,2.113,29.1,High
Kamonyi,2025A,2.828,0.871,0.679,21.94,2.713,2.113,-28.4,Low
Kamonyi,2025B,2.176,-0.11,0.555,21.11,2.478,2.113,-17.3,Low
Karongi,2024A,2.663,-0.197,0.49,20.32,2.528,2.969,14.9,Medium
Karongi,2024B,2.806,-0.913,0.486,21.56,2.191,2.969,26.2,High
Karongi,2025A,2.865,-0.587,0.56,20.7,2.596,2.969,12.6,Medium
Karongi,2025B,3.341,0.433,0.587,20.59,3.284,2.969,-10.6,Low
Kayonza,2024A,1.441,-1.961,0.421,21.17,1.202,1.964,38.8,High
Kayonza,2024B,1.711,-0.887,0.433,22.15,1.455,1.964,25.9,High
Kayonza,2025A,2.093,-0.644,0.522,22.14,1.771,1.964,9.8,Medium
Kayonza,2025B,2.176,0.281,0.545,21.81,2.287,1.964,-16.4,Low
Kicukiro,2024A,3.435,1.191,0.656,20.88,3.692,2.869,-28.7,Low
Kicukiro,2024B,3.643,0.927,0.642,19.61,3.71,2.869,-29.3,Low
Kicukiro,2025A,3.194,0.264,0.573,20.27,3.188,2.869,-11.1,Low
Kicukiro,2025B,2.415,-0.252,0.536,21.68,2.662,2.869,7.2,Medium
Kirehe,2024A,1.697,0.762,0.6,23.95,2.099,1.581,-32.8,Low
Kirehe,2024B,1.664,0.217,0.566,22.42,1.96,1.581,-24.0,Low
Kirehe,2025A,1.628,0.107,0.592,23.6,2.039,1.581,-29.0,Low
Kirehe,2025B,1.742,0.815,0.587,23.11,2.107,1.581,-33.3,Low
Muhanga,2024A,2.227,-0.312,0.567,19.96,2.486,2.382,-4.4,Low
Muhanga,2024B,2.454,0.479,0.527,20.81,2.394,2.382,-0.5,Low
Muhanga,2025A,2.703,-0.147,0.602,20.0,2.674,2.382,-12.3,Low
Muhanga,2025B,2.019,-0.225,0.481,20.56,2.457,2.382,-3.1,Low
Musanze,2024A,3.811,1.413,0.704,20.73,3.943,3.01,-31.0,Low
Musanze,2024B,2.857,-0.209,0.56,20.2,2.926,3.01,2.8,Low
Musanze,2025A,3.159,0.872,0.597,20.01,3.3,3.01,-9.6,Low
Musanze,2025B,2.166,-1.064,0.392,21.08,1.978,3.01,34.3,High
Ngoma,2024A,1.998,0.201,0.584,21.05,2.621,1.911,-37.2,Low
Ngoma,2024B,2.655,2.273,0.757,23.68,2.622,1.911,-37.2,Low
Ngoma,2025A,1.71,-0.073,0.559,21.85,2.323,1.911,-21.6,Low
Ngoma,2025B,2.511,1.266,0.706,21.71,3.045,1.911,-59.3,Low
Ngororero,2024A,2.144,0.391,0.637,20.65,2.961,1.924,-53.9,Low
Ngororero,2024B,2.459,0.824,0.653,21.02,2.753,1.924,-43.1,Low
Ngororero,2025A,1.704,-0.271,0.491,19.81,2.391,1.924,-24.3,Low
Ngororero,2025B,1.795,0.237,0.566,20.15,2.597,1.924,-35.0,Low
Nyabihu,2024A,2.762,0.412,0.657,20.87,2.547,2.124,-19.9,Low
Nyabihu,2024B,3.777,2.711,0.758,19.86,4.27,2.124,-101.0,Low
Nyabihu,2025A,2.87,0.439,0.564,19.67,3.068,2.124,-44.4,Low
Nyabihu,2025B,2.379,0.327,0.547,21.23,2.865,2.124,-34.9,Low
Nyagatare,2024A,2.185,-0.866,0.481,22.51,2.189,2.825,22.5,High
Nyagatare,2024B,2.084,-0.649,0.439,22.57,2.046,2.825,27.6,High
Nyagatare,2025A,2.795,0.086,0.525,21.62,2.199,2.825,22.2,High
Nyagatare,2025B,2.756,0.151,0.585,24.25,2.763,2.825,2.2,Low
Nyamagabe,2024A,2.735,-0.351,0.481,20.42,2.587,2.841,8.9,Medium
Nyamagabe,2024B,1.532,-2.281,0.308,19.76,1.583,2.841,44.3,High
Nyamagabe,2025A,3.048,0.283,0.603,19.59,2.883,2.841,-1.5,Low
Nyamagabe,2025B,3.111,0.448,0.588,20.94,3.085,2.841,-8.6,Low
Nyamasheke,2024A,2.36,1.578,0.634,20.46,2.438,1.434,-70.0,Low
Nyamasheke,2024B,2.253,1.265,0.594,20.25,2.711,1.434,-89.1,Low
Nyamasheke,2025A,1.895,0.508,0.598,20.33,2.734,1.434,-90.7,Low
Nyamasheke,2025B,1.825,0.288,0.563,20.47,2.232,1.434,-55.6,Low
Nyanza,2024A,2.329,-0.744,0.458,20.66,2.144,3.036,29.4,High
Nyanza,2024B,2.957,0.011,0.604,21.19,2.862,3.036,5.7,Medium
Nyanza,2025A,2.984,0.554,0.687,20.34,3.362,3.036,-10.7,Low
Nyanza,2025B,3.866,1.604,0.66,20.59,3.855,3.036,-27.0,Low
Nyarugenge,2024A,2.777,-0.356,0.551,19.75,2.647,2.776,4.6,Low
Nyarugenge,2024B,2.026,-0.95,0.46,21.17,2.208,2.776,20.5,High
Nyarugenge,2025A,2.975,0.434,0.594,20.02,2.972,2.776,-7.1,Low
Nyarugenge,2025B,2.857,0.072,0.535,20.69,2.657,2.776,4.3,Low
Nyaruguru,2024A,3.346,0.248,0.563,20.3,2.589,3.223,19.7,High
Nyaruguru,2024B,3.282,0.203,0.526,21.07,2.734,3.223,15.2,High
Nyaruguru,2025A,3.864,0.385,0.603,20.74,3.285,3.223,-1.9,Low
Nyaruguru,2025B,3.009,-0.087,0.531,19.9,2.925,3.223,9.2,Medium
Rubavu,2024A,2.33,-0.412,0.445,20.36,2.443,3.094,21.0,High
Rubavu,2024B,3.83,0.967,0.688,19.86,3.488,3.094,-12.7,Low
Rubavu,2025A,2.387,-0.725,0.467,21.12,2.276,3.094,26.4,High
Rubavu,2025B,3.934,1.74,0.67,21.3,3.558,3.094,-15.0,Low
Ruhango,2024A,1.733,-0.132,0.49,20.24,2.084,2.029,-2.7,Low
Ruhango,2024B,1.663,-0.202,0.511,20.7,2.068,2.029,-1.9,Low
Ruhango,2025A,1.649,-0.628,0.512,20.18,2.026,2.029,0.1,Low
Ruhango,2025B,2.019,0.273,0.526,20.12,2.174,2.029,-7.1,Low
Rulindo,2024A,2.787,-0.538,0.517,20.39,2.64,2.733,3.4,Low
Rulindo,2024B,2.5,-0.535,0.444,19.39,2.327,2.733,14.9,Medium
Rulindo,2025A,2.539,-1.249,0.466,20.13,2.193,2.733,19.8,High
Rulindo,2025B,1.942,-1.738,0.419,19.6,1.521,2.733,44.3,High
Rusizi,2024A,2.301,0.068,0.577,21.22,2.722,2.517,-8.1,Low
Rusizi,2024B,1.81,-1.682,0.424,19.93,1.284,2.517,49.0,High
Rusizi,2025A,1.95,-0.315,0.447,19.49,2.002,2.517,20.5,High
Rusizi,2025B,2.54,-0.234,0.524,20.16,2.137,2.517,15.1,High
Rutsiro,2024A,1.221,-2.451,0.297,19.55,1.584,2.688,41.1,High
Rutsiro,2024B,2.342,-0.255,0.469,19.71,2.324,2.688,13.5,Medium
Rutsiro,2025A,4.159,2.457,0.819,20.17,3.51,2.688,-30.6,Low
Rutsiro,2025B,1.763,-1.149,0.382,20.41,1.932,2.688,28.1,High
Rwamagana,2024A,4.639,2.207,0.706,20.84,4.119,2.951,-39.6,Low
Rwamagana,2024B,3.475,0.098,0.651,20.2,3.439,2.951,-16.5,Low
Rwamagana,2025A,2.611,-0.799,0.472,20.7,2.396,2.951,18.8,High
Rwamagana,2025B,3.367,0.319,0.626,20.42,3.377,2.951,-14.4,Low
