district,season,rainfall_mm,rainfall_anom,ndvi_mean,temp_mean,yield_t_ha
Nyarugenge,2015A,690.9,2.142,0.705,20.09,3.994
Nyarugenge,2015B,346.2,0.616,0.644,20.41,3.233
Nyarugenge,2016A,357.2,-0.824,0.51,21.09,2.466
Nyarugenge,2016B,250.1,-0.666,0.506,20.59,2.524
Nyarugenge,2017A,548.0,0.871,0.629,21.04,3.393
Nyarugenge,2017B,321.7,0.289,0.598,19.33,3.167
Nyarugenge,2018A,397.1,-0.47,0.487,20.28,2.742
Nyarugenge,2018B,235.1,-0.866,0.519,19.15,2.53
Nyarugenge,2019A,468.3,0.163,0.586,21.07,3.109
Nyarugenge,2019B,273.8,-0.349,0.504,21.19,2.541
Nyarugenge,2020A,306.5,-1.276,0.403,19.76,2.111
Nyarugenge,2020B,310.7,0.142,0.589,20.16,3.091
Nyarugenge,2021A,520.4,0.626,0.588,20.87,3.089
Nyarugenge,2021B,272.8,-0.363,0.506,19.54,2.771
Nyarugenge,2022A,397.2,-0.469,0.513,20.88,2.624
Nyarugenge,2022B,349.9,0.665,0.599,20.16,3.287
Nyarugenge,2023A,260.2,-1.687,0.357,19.44,1.718
Nyarugenge,2023B,330.0,0.4,0.546,20.2,3.253
Nyarugenge,2024A,409.9,-0.356,0.551,19.75,2.777
Nyarugenge,2024B,228.7,-0.95,0.46,21.17,2.026
Nyarugenge,2025A,498.9,0.434,0.594,20.02,2.975
Nyarugenge,2025B,305.4,0.072,0.535,20.69,2.857
Gasabo,2015A,630.2,1.602,0.669,19.68,3.184
Gasabo,2015B,316.5,0.22,0.622,21.17,2.555
Gasabo,2016A,614.6,1.463,0.62,19.99,2.849
Gasabo,2016B,270.8,-0.39,0.464,21.01,1.975
Gasabo,2017A,284.5,-1.471,0.392,20.75,1.581
Gasabo,2017B,449.8,1.997,0.826,20.83,3.355
Gasabo,2018A,210.1,-2.132,0.39,19.85,1.335
Gasabo,2018B,254.1,-0.612,0.495,21.35,1.983
Gasabo,2019A,432.2,-0.159,0.496,19.16,2.211
Gasabo,2019B,296.0,-0.054,0.616,20.6,2.57
Gasabo,2020A,393.8,-0.499,0.463,19.73,1.974
Gasabo,2020B,459.6,2.128,0.687,21.17,3.114
Gasabo,2021A,554.8,0.932,0.64,20.37,2.826
Gasabo,2021B,250.9,-0.655,0.515,20.14,1.952
Gasabo,2022A,306.2,-1.278,0.455,21.76,1.653
Gasabo,2022B,291.1,-0.119,0.552,21.54,2.255
Gasabo,2023A,403.8,-0.411,0.561,20.84,2.373
Gasabo,2023B,313.7,0.183,0.516,19.41,2.598
Gasabo,2024A,643.9,1.724,0.681,20.19,3.417
Gasabo,2024B,217.0,-1.107,0.426,21.01,1.653
Gasabo,2025A,449.4,-0.005,0.543,20.77,2.464
Gasabo,2025B,306.8,0.091,0.583,18.86,2.541
Kicukiro,2015A,355.1,-0.843,0.434,19.8,2.379
Kicukiro,2015B,368.7,0.916,0.57,20.52,3.368
Kicukiro,2016A,413.1,-0.328,0.564,20.93,3.073
Kicukiro,2016B,288.4,-0.155,0.51,20.32,2.897
Kicukiro,2017A,469.9,0.177,0.521,20.57,3.041
Kicukiro,2017B,488.8,2.517,0.826,19.82,4.797
Kicukiro,2018A,285.4,-1.463,0.409,20.75,2.131
Kicukiro,2018B,245.3,-0.729,0.466,18.78,2.62
Kicukiro,2019A,330.5,-1.062,0.444,19.8,2.343
Kicukiro,2019B,168.2,-1.758,0.351,22.2,1.498
Kicukiro,2020A,326.6,-1.097,0.536,22.82,2.181
Kicukiro,2020B,272.4,-0.368,0.534,21.88,2.566
Kicukiro,2021A,422.4,-0.245,0.561,20.85,2.861
Kicukiro,2021B,290.0,-0.134,0.484,20.31,2.766
Kicukiro,2022A,476.1,0.232,0.546,20.88,3.227
Kicukiro,2022B,311.7,0.155,0.577,20.54,3.15
Kicukiro,2023A,368.8,-0.722,0.505,20.42,2.877
Kicukiro,2023B,418.0,1.573,0.691,19.89,3.878
Kicukiro,2024A,584.0,1.191,0.656,20.88,3.435
Kicukiro,2024B,369.6,0.927,0.642,19.61,3.643
Kicukiro,2025A,479.7,0.264,0.573,20.27,3.194
Kicukiro,2025B,281.1,-0.252,0.536,21.68,2.415
Nyanza,2015A,423.4,-0.237,0.538,20.74,2.569
Nyanza,2015B,168.2,-1.757,0.423,21.88,1.537
Nyanza,2016A,547.2,0.864,0.606,20.45,3.056
Nyanza,2016B,274.9,-0.334,0.575,20.97,2.883
Nyanza,2017A,582.5,1.177,0.662,21.9,3.438
Nyanza,2017B,362.1,0.828,0.604,20.55,3.088
Nyanza,2018A,561.3,0.99,0.582,21.13,3.13
Nyanza,2018B,387.8,1.171,0.674,21.96,3.509
Nyanza,2019A,273.1,-1.572,0.422,19.56,1.871
Nyanza,2019B,413.3,1.511,0.696,19.94,3.545
Nyanza,2020A,453.7,0.033,0.504,19.96,2.742
Nyanza,2020B,386.6,1.155,0.667,18.67,3.686
Nyanza,2021A,458.1,0.072,0.572,21.79,2.451
Nyanza,2021B,255.7,-0.591,0.526,19.23,2.767
Nyanza,2022A,491.4,0.368,0.613,20.04,3.214
Nyanza,2022B,380.1,1.068,0.645,20.69,3.425
Nyanza,2023A,352.9,-0.863,0.475,20.38,2.298
Nyanza,2023B,375.0,1.0,0.588,20.4,3.477
Nyanza,2024A,366.3,-0.744,0.458,20.66,2.329
Nyanza,2024B,300.9,0.011,0.604,21.19,2.957
Nyanza,2025A,512.3,0.554,0.687,20.34,2.984
Nyanza,2025B,420.3,1.604,0.66,20.59,3.866
Gisagara,2015A,269.7,-1.602,0.372,19.22,1.124
Gisagara,2015B,333.0,0.44,0.606,20.72,1.823
Gisagara,2016A,190.1,-2.31,0.367,20.12,0.964
Gisagara,2016B,352.6,0.702,0.612,21.11,2.037
Gisagara,2017A,509.6,0.53,0.564,20.36,1.956
Gisagara,2017B,361.5,0.821,0.6,20.92,2.008
Gisagara,2018A,436.8,-0.118,0.574,18.91,1.748
Gisagara,2018B,188.8,-1.482,0.338,19.96,1.15
Gisagara,2019A,418.0,-0.285,0.535,21.37,1.747
Gisagara,2019B,294.8,-0.069,0.599,20.57,1.756
Gisagara,2020A,383.1,-0.594,0.443,19.79,1.473
Gisagara,2020B,360.3,0.804,0.683,19.39,2.286
Gisagara,2021A,332.9,-1.041,0.486,20.4,1.296
Gisagara,2021B,369.6,0.928,0.6,20.07,1.993
Gisagara,2022A,376.4,-0.654,0.515,20.35,1.595
Gisagara,2022B,327.1,0.362,0.632,20.23,1.861
Gisagara,2023A,570.1,1.067,0.622,21.39,2.146
Gisagara,2023B,290.2,-0.131,0.553,22.06,1.842
Gisagara,2024A,457.8,0.069,0.562,21.36,1.693
Gisagara,2024B,325.0,0.333,0.576,20.75,1.807
Gisagara,2025A,271.2,-1.59,0.34,19.61,1.078
Gisagara,2025B,278.0,-0.293,0.604,21.38,1.66
Nyaruguru,2015A,489.1,0.348,0.562,20.27,3.448
Nyaruguru,2015B,346.4,0.619,0.586,21.35,3.304
Nyaruguru,2016A,450.7,0.006,0.654,20.68,3.742
Nyaruguru,2016B,306.9,0.092,0.581,20.45,3.312
Nyaruguru,2017A,362.3,-0.779,0.505,19.82,2.893
Nyaruguru,2017B,381.4,1.085,0.651,20.27,4.09
Nyaruguru,2018A,415.3,-0.309,0.563,19.03,3.192
Nyaruguru,2018B,150.7,-1.991,0.331,21.59,1.672
Nyaruguru,2019A,369.1,-0.719,0.432,18.13,2.705
Nyaruguru,2019B,481.5,2.42,0.761,20.05,5.037
Nyaruguru,2020A,274.4,-1.561,0.413,20.58,2.112
Nyaruguru,2020B,359.3,0.791,0.627,21.03,3.599
Nyaruguru,2021A,551.0,0.898,0.687,19.72,3.888
Nyaruguru,2021B,400.2,1.336,0.649,21.62,3.887
Nyaruguru,2022A,613.7,1.455,0.672,20.71,4.506
Nyaruguru,2022B,272.9,-0.362,0.483,20.14,2.958
Nyaruguru,2023A,273.9,-1.566,0.45,20.07,2.403
Nyaruguru,2023B,120.4,-2.394,0.327,19.15,1.575
Nyaruguru,2024A,477.9,0.248,0.563,20.3,3.346
Nyaruguru,2024B,315.3,0.203,0.526,21.07,3.282
Nyaruguru,2025A,493.3,0.385,0.603,20.74,3.864
Nyaruguru,2025B,293.5,-0.087,0.531,19.9,3.009
Huye,2015A,310.0,-1.244,0.415,20.44,2.065
Huye,2015B,303.8,0.051,0.523,21.22,2.854
Huye,2016A,432.0,-0.16,0.511,20.94,2.686
Huye,2016B,191.4,-1.448,0.431,20.71,1.882
Huye,2017A,471.4,0.19,0.507,21.57,2.906
Huye,2017B,281.1,-0.253,0.544,18.57,2.741
Huye,2018A,416.9,-0.294,0.484,21.07,2.78
Huye,2018B,211.8,-1.177,0.422,20.69,2.222
Huye,2019A,312.5,-1.222,0.462,21.96,1.864
Huye,2019B,203.9,-1.281,0.431,20.08,2.172
Huye,2020A,477.2,0.242,0.498,20.91,2.709
Huye,2020B,395.6,1.274,0.627,19.99,3.698
Huye,2021A,535.8,0.763,0.629,19.15,3.569
Huye,2021B,222.4,-1.034,0.477,19.36,2.415
Huye,2022A,359.3,-0.807,0.434,21.07,2.226
Huye,2022B,254.0,-0.614,0.559,20.15,2.675
Huye,2023A,480.3,0.269,0.547,20.88,2.848
Huye,2023B,269.1,-0.412,0.572,19.67,2.482
Huye,2024A,631.2,1.611,0.781,20.18,3.711
Huye,2024B,276.7,-0.31,0.514,20.35,2.51
Huye,2025A,515.2,0.58,0.617,19.3,3.478
Huye,2025B,454.0,2.053,0.721,20.23,4.097
Nyamagabe,2015A,519.2,0.615,0.53,20.63,3.024
Nyamagabe,2015B,438.6,1.848,0.691,21.83,3.673
Nyamagabe,2016A,516.1,0.587,0.61,19.8,3.379
Nyamagabe,2016B,390.9,1.213,0.634,19.15,3.715
Nyamagabe,2017A,348.5,-0.902,0.464,20.43,2.126
Nyamagabe,2017B,178.8,-1.616,0.44,20.08,1.75
Nyamagabe,2018A,538.3,0.785,0.624,19.93,3.226
Nyamagabe,2018B,362.7,0.836,0.631,22.41,3.348
Nyamagabe,2019A,493.6,0.388,0.574,21.15,3.158
Nyamagabe,2019B,393.9,1.252,0.629,20.15,3.548
Nyamagabe,2020A,539.0,0.791,0.673,20.13,3.49
Nyamagabe,2020B,323.6,0.314,0.565,21.26,2.662
Nyamagabe,2021A,357.0,-0.827,0.453,18.64,2.359
Nyamagabe,2021B,231.4,-0.915,0.469,21.39,2.222
Nyamagabe,2022A,334.0,-1.031,0.465,21.34,2.091
Nyamagabe,2022B,231.7,-0.911,0.499,20.32,2.5
Nyamagabe,2023A,448.5,-0.014,0.577,19.67,3.034
Nyamagabe,2023B,284.2,-0.211,0.485,19.25,2.85
Nyamagabe,2024A,410.5,-0.351,0.481,20.42,2.735
Nyamagabe,2024B,128.9,-2.281,0.308,19.76,1.532
Nyamagabe,2025A,481.8,0.283,0.603,19.59,3.048
Nyamagabe,2025B,333.6,0.448,0.588,20.94,3.111
Ruhango,2015A,481.3,0.278,0.579,21.12,1.992
Ruhango,2015B,178.5,-1.62,0.331,21.3,1.084
Ruhango,2016A,335.2,-1.021,0.394,20.58,1.378
Ruhango,2016B,434.8,1.798,0.714,20.2,2.455
Ruhango,2017A,451.3,0.011,0.539,19.69,2.052
Ruhango,2017B,433.9,1.785,0.738,19.76,2.741
Ruhango,2018A,522.0,0.64,0.619,21.5,2.117
Ruhango,2018B,355.5,0.74,0.635,20.77,1.951
Ruhango,2019A,459.4,0.084,0.534,19.48,2.042
Ruhango,2019B,429.7,1.729,0.743,20.7,2.745
Ruhango,2020A,451.4,0.012,0.559,19.63,1.935
Ruhango,2020B,304.5,0.06,0.503,20.46,1.766
Ruhango,2021A,652.2,1.798,0.73,20.51,2.61
Ruhango,2021B,303.3,0.044,0.545,19.63,1.868
Ruhango,2022A,366.1,-0.746,0.44,20.91,1.471
Ruhango,2022B,166.0,-1.787,0.402,21.3,1.155
Ruhango,2023A,565.4,1.026,0.634,19.82,2.141
Ruhango,2023B,325.8,0.345,0.593,21.53,2.039
Ruhango,2024A,435.1,-0.132,0.49,20.24,1.733
Ruhango,2024B,284.8,-0.202,0.511,20.7,1.663
Ruhango,2025A,379.3,-0.628,0.512,20.18,1.649
Ruhango,2025B,320.5,0.273,0.526,20.12,2.019
Muhanga,2015A,319.3,-1.162,0.372,19.01,1.713
Muhanga,2015B,302.3,0.031,0.548,21.47,1.987
Muhanga,2016A,494.5,0.396,0.644,19.6,2.691
Muhanga,2016B,243.5,-0.753,0.454,20.24,2.066
Muhanga,2017A,656.7,1.837,0.684,22.02,3.131
Muhanga,2017B,431.5,1.754,0.687,20.6,3.262
Muhanga,2018A,807.6,3.179,0.838,19.93,4.225
Muhanga,2018B,272.9,-0.362,0.501,21.23,2.089
Muhanga,2019A,481.3,0.279,0.573,20.77,2.527
Muhanga,2019B,154.7,-1.937,0.422,19.71,1.404
Muhanga,2020A,443.4,-0.058,0.549,19.95,2.471
Muhanga,2020B,199.3,-1.342,0.426,20.03,1.69
Muhanga,2021A,481.4,0.279,0.532,21.08,2.376
Muhanga,2021B,158.1,-1.892,0.32,20.49,1.248
Muhanga,2022A,438.4,-0.103,0.541,20.68,2.398
Muhanga,2022B,216.7,-1.111,0.414,19.63,1.797
Muhanga,2023A,590.1,1.245,0.632,18.5,2.81
Muhanga,2023B,237.5,-0.833,0.461,20.17,1.925
Muhanga,2024A,414.9,-0.312,0.567,19.96,2.227
Muhanga,2024B,335.9,0.479,0.527,20.81,2.454
Muhanga,2025A,433.4,-0.147,0.602,20.0,2.703
Muhanga,2025B,283.1,-0.225,0.481,20.56,2.019
Kamonyi,2015A,365.4,-0.752,0.506,20.94,1.82
Kamonyi,2015B,374.1,0.987,0.675,21.65,2.773
Kamonyi,2016A,603.4,1.363,0.584,20.25,2.61
Kamonyi,2016B,308.9,0.119,0.537,20.37,2.457
Kamonyi,2017A,430.9,-0.17,0.553,20.31,2.2
Kamonyi,2017B,300.5,0.006,0.568,21.43,2.384
Kamonyi,2018A,484.8,0.31,0.598,19.58,2.466
Kamonyi,2018B,370.5,0.94,0.66,20.67,2.841
Kamonyi,2019A,505.2,0.491,0.637,20.73,2.489
Kamonyi,2019B,325.2,0.336,0.46,20.81,1.742
Kamonyi,2020A,256.1,-1.723,0.43,20.88,1.352
Kamonyi,2020B,246.6,-0.712,0.548,20.11,2.256
Kamonyi,2021A,449.8,-0.002,0.566,21.79,2.187
Kamonyi,2021B,224.8,-1.002,0.465,20.47,1.634
Kamonyi,2022A,421.2,-0.256,0.5,21.24,2.003
Kamonyi,2022B,278.8,-0.283,0.523,20.68,2.139
Kamonyi,2023A,337.5,-1.0,0.428,21.38,1.588
Kamonyi,2023B,193.7,-1.417,0.454,20.87,1.457
Kamonyi,2024A,475.8,0.229,0.598,20.8,2.446
Kamonyi,2024B,194.7,-1.404,0.451,20.26,1.576
Kamonyi,2025A,547.9,0.871,0.679,21.94,2.828
Kamonyi,2025B,291.8,-0.11,0.555,21.11,2.176
Karongi,2015A,464.7,0.131,0.593,20.45,3.19
Karongi,2015B,268.9,-0.414,0.542,20.5,2.978
Karongi,2016A,525.4,0.67,0.589,21.1,3.535
Karongi,2016B,207.4,-1.235,0.509,20.1,2.311
Karongi,2017A,332.4,-1.045,0.426,20.54,2.297
Karongi,2017B,274.7,-0.337,0.548,20.77,2.999
Karongi,2018A,496.1,0.41,0.607,18.81,3.555
Karongi,2018B,136.5,-2.18,0.377,20.5,1.798
Karongi,2019A,583.6,1.188,0.653,20.1,4.061
Karongi,2019B,260.4,-0.528,0.508,21.29,2.635
Karongi,2020A,540.6,0.806,0.642,19.74,3.987
Karongi,2020B,352.4,0.699,0.61,19.89,3.496
Karongi,2021A,389.5,-0.538,0.529,19.74,2.972
Karongi,2021B,206.9,-1.242,0.442,20.59,2.566
Karongi,2022A,295.1,-1.377,0.499,20.62,2.43
Karongi,2022B,308.9,0.118,0.577,20.38,3.505
Karongi,2023A,398.6,-0.456,0.559,19.98,2.995
Karongi,2023B,219.6,-1.072,0.482,21.66,2.363
Karongi,2024A,427.9,-0.197,0.49,20.32,2.663
Karongi,2024B,231.5,-0.913,0.486,21.56,2.806
Karongi,2025A,384.0,-0.587,0.56,20.7,2.865
Karongi,2025B,332.4,0.433,0.587,20.59,3.341
Rutsiro,2015A,292.7,-1.398,0.376,21.02,1.679
Rutsiro,2015B,255.3,-0.596,0.503,21.14,2.309
Rutsiro,2016A,376.2,-0.656,0.547,21.76,2.378
Rutsiro,2016B,373.0,0.974,0.678,21.4,3.359
Rutsiro,2017A,517.3,0.598,0.619,19.62,3.231
Rutsiro,2017B,198.3,-1.356,0.41,21.54,1.83
Rutsiro,2018A,617.3,1.487,0.658,19.58,3.503
Rutsiro,2018B,307.7,0.102,0.561,21.41,2.614
Rutsiro,2019A,489.6,0.352,0.539,20.86,2.744
Rutsiro,2019B,243.8,-0.75,0.481,20.35,2.211
Rutsiro,2020A,649.3,1.771,0.688,20.3,3.279
Rutsiro,2020B,232.9,-0.894,0.468,19.95,2.341
Rutsiro,2021A,431.4,-0.165,0.588,20.55,2.701
Rutsiro,2021B,293.3,-0.089,0.543,21.88,2.221
Rutsiro,2022A,224.8,-2.002,0.368,20.51,1.553
Rutsiro,2022B,335.5,0.473,0.572,21.32,2.979
Rutsiro,2023A,470.7,0.184,0.603,20.72,2.766
Rutsiro,2023B,352.3,0.698,0.61,20.5,3.295
Rutsiro,2024A,174.3,-2.451,0.297,19.55,1.221
Rutsiro,2024B,280.9,-0.255,0.469,19.71,2.342
Rutsiro,2025A,726.5,2.457,0.819,20.17,4.159
Rutsiro,2025B,213.8,-1.149,0.382,20.41,1.763
Rubavu,2015A,440.5,-0.085,0.479,19.89,2.814
Rubavu,2015B,327.5,0.366,0.596,19.44,3.465
Rubavu,2016A,360.0,-0.8,0.511,20.49,2.358
Rubavu,2016B,276.3,-0.316,0.539,20.99,2.741
Rubavu,2017A,622.3,1.532,0.713,20.29,4.182
Rubavu,2017B,445.0,1.934,0.783,19.52,4.242
Rubavu,2018A,617.1,1.485,0.626,19.44,3.766
Rubavu,2018B,331.5,0.42,0.58,19.98,3.145
Rubavu,2019A,369.9,-0.712,0.458,22.33,2.301
Rubavu,2019B,366.5,0.887,0.601,20.35,3.346
Rubavu,2020A,151.7,-2.652,0.283,19.05,1.156
Rubavu,2020B,210.3,-1.195,0.507,20.46,2.516
Rubavu,2021A,496.2,0.411,0.614,19.78,3.447
Rubavu,2021B,354.7,0.729,0.585,20.95,3.405
Rubavu,2022A,388.2,-0.55,0.461,19.55,2.597
Rubavu,2022B,324.5,0.327,0.544,20.52,3.165
Rubavu,2023A,519.5,0.618,0.662,21.52,3.245
Rubavu,2023B,426.3,1.684,0.663,21.34,3.885
Rubavu,2024A,403.6,-0.412,0.445,20.36,2.33
Rubavu,2024B,372.5,0.967,0.688,19.86,3.83
Rubavu,2025A,368.4,-0.725,0.467,21.12,2.387
Rubavu,2025B,430.5,1.74,0.67,21.3,3.934
Nyabihu,2015A,539.5,0.796,0.596,20.46,2.684
Nyabihu,2015B,237.3,-0.836,0.51,21.02,2.012
Nyabihu,2016A,622.9,1.537,0.731,20.2,3.298
Nyabihu,2016B,253.2,-0.624,0.501,20.02,2.242
Nyabihu,2017A,490.9,0.364,0.57,21.45,2.173
Nyabihu,2017B,148.9,-2.014,0.421,20.55,1.439
Nyabihu,2018A,300.8,-1.326,0.443,22.1,1.647
Nyabihu,2018B,312.7,0.17,0.546,20.18,2.156
Nyabihu,2019A,479.0,0.258,0.604,19.24,2.541
Nyabihu,2019B,213.2,-1.157,0.419,20.54,1.518
Nyabihu,2020A,519.1,0.614,0.629,20.3,2.384
Nyabihu,2020B,225.3,-0.996,0.52,18.28,2.076
Nyabihu,2021A,317.2,-1.18,0.488,19.96,1.908
Nyabihu,2021B,342.4,0.565,0.669,20.34,2.837
Nyabihu,2022A,282.9,-1.485,0.479,19.89,1.709
Nyabihu,2022B,298.3,-0.022,0.486,20.68,2.297
Nyabihu,2023A,483.0,0.293,0.51,20.4,2.45
Nyabihu,2023B,159.2,-1.878,0.357,21.2,1.304
Nyabihu,2024A,496.3,0.412,0.657,20.87,2.762
Nyabihu,2024B,503.3,2.711,0.758,19.86,3.777
Nyabihu,2025A,499.4,0.439,0.564,19.67,2.87
Nyabihu,2025B,324.5,0.327,0.547,21.23,2.379
Ngororero,2015A,421.6,-0.253,0.552,19.47,2.023
Ngororero,2015B,443.5,1.913,0.722,20.2,2.768
Ngororero,2016A,403.8,-0.41,0.507,20.2,1.906
Ngororero,2016B,170.0,-1.733,0.446,20.2,1.376
Ngororero,2017A,323.2,-1.127,0.513,21.5,1.634
Ngororero,2017B,186.4,-1.515,0.462,20.82,1.289
Ngororero,2018A,447.3,-0.024,0.563,20.94,2.0
Ngororero,2018B,321.8,0.291,0.632,21.48,1.851
Ngororero,2019A,414.3,-0.317,0.518,19.1,1.941
Ngororero,2019B,393.7,1.249,0.606,20.77,2.309
Ngororero,2020A,374.4,-0.672,0.555,20.07,1.886
Ngororero,2020B,159.7,-1.871,0.475,20.98,1.305
Ngororero,2021A,514.7,0.576,0.54,21.45,2.044
Ngororero,2021B,284.7,-0.204,0.514,20.04,1.967
Ngororero,2022A,478.8,0.256,0.597,20.49,2.201
Ngororero,2022B,268.6,-0.419,0.606,19.25,2.179
Ngororero,2023A,603.9,1.368,0.625,22.28,2.516
Ngororero,2023B,372.8,0.971,0.629,20.33,2.384
Ngororero,2024A,493.9,0.391,0.637,20.65,2.144
Ngororero,2024B,361.8,0.824,0.653,21.02,2.459
Ngororero,2025A,419.5,-0.271,0.491,19.81,1.704
Ngororero,2025B,317.8,0.237,0.566,20.15,1.795
Rusizi,2015A,309.7,-1.247,0.495,19.97,2.043
Rusizi,2015B,195.7,-1.391,0.496,20.38,1.957
Rusizi,2016A,711.7,2.326,0.797,20.25,3.789
Rusizi,2016B,275.6,-0.326,0.544,20.42,2.357
Rusizi,2017A,615.1,1.467,0.663,22.34,3.165
Rusizi,2017B,433.9,1.785,0.707,21.27,3.316
Rusizi,2018A,354.0,-0.854,0.5,21.29,2.061
Rusizi,2018B,203.5,-1.286,0.393,19.36,1.65
Rusizi,2019A,462.3,0.109,0.604,20.49,2.381
Rusizi,2019B,285.7,-0.191,0.528,22.18,2.118
Rusizi,2020A,406.0,-0.391,0.587,20.86,2.513
Rusizi,2020B,308.6,0.115,0.572,21.12,2.464
Rusizi,2021A,548.8,0.878,0.565,20.76,2.871
Rusizi,2021B,253.8,-0.616,0.5,20.0,2.115
Rusizi,2022A,410.2,-0.354,0.478,20.76,2.092
Rusizi,2022B,353.4,0.712,0.56,20.05,2.74
Rusizi,2023A,599.1,1.325,0.669,20.33,3.347
Rusizi,2023B,142.0,-2.107,0.38,22.1,1.299
Rusizi,2024A,457.6,0.068,0.577,21.22,2.301
Rusizi,2024B,173.8,-1.682,0.424,19.93,1.81
Rusizi,2025A,414.5,-0.315,0.447,19.49,1.95
Rusizi,2025B,282.4,-0.234,0.524,20.16,2.54
Nyamasheke,2015A,584.8,1.199,0.639,18.79,2.306
Nyamasheke,2015B,341.7,0.555,0.607,21.29,1.796
Nyamasheke,2016A,676.0,2.009,0.672,21.1,2.164
Nyamasheke,2016B,230.2,-0.93,0.536,20.29,1.558
Nyamasheke,2017A,476.7,0.237,0.565,21.59,1.73
Nyamasheke,2017B,166.4,-1.781,0.375,20.94,1.033
Nyamasheke,2018A,273.7,-1.567,0.396,20.03,1.121
Nyamasheke,2018B,196.8,-1.376,0.415,19.92,1.27
Nyamasheke,2019A,541.0,0.809,0.609,20.19,2.041
Nyamasheke,2019B,238.8,-0.817,0.439,19.75,1.357
Nyamasheke,2020A,319.1,-1.163,0.463,21.08,1.186
Nyamasheke,2020B,301.9,0.025,0.543,20.77,1.708
Nyamasheke,2021A,286.5,-1.454,0.383,20.52,1.182
Nyamasheke,2021B,133.9,-2.214,0.387,21.45,0.894
Nyamasheke,2022A,511.9,0.55,0.566,20.4,1.735
Nyamasheke,2022B,124.2,-2.344,0.4,19.71,0.957
Nyamasheke,2023A,294.0,-1.386,0.383,20.36,1.106
Nyamasheke,2023B,328.3,0.378,0.598,20.76,1.901
Nyamasheke,2024A,627.5,1.578,0.634,20.46,2.36
Nyamasheke,2024B,394.8,1.265,0.594,20.25,2.253
Nyamasheke,2025A,507.2,0.508,0.598,20.33,1.895
Nyamasheke,2025B,321.6,0.288,0.563,20.47,1.825
Rulindo,2015A,373.7,-0.678,0.517,22.83,2.186
Rulindo,2015B,324.3,0.324,0.546,20.96,3.055
Rulindo,2016A,535.7,0.762,0.658,20.65,3.752
Rulindo,2016B,124.2,-2.344,0.426,20.8,1.745
Rulindo,2017A,312.8,-1.22,0.419,20.62,2.112
Rulindo,2017B,321.2,0.283,0.616,19.09,3.546
Rulindo,2018A,450.9,0.008,0.543,19.32,3.132
Rulindo,2018B,118.9,-2.414,0.383,19.31,1.649
Rulindo,2019A,436.6,-0.119,0.587,20.36,2.925
Rulindo,2019B,262.0,-0.507,0.56,20.93,2.697
Rulindo,2020A,423.4,-0.236,0.468,20.81,2.398
Rulindo,2020B,356.4,0.752,0.615,22.41,3.1
Rulindo,2021A,438.5,-0.103,0.614,21.45,2.905
Rulindo,2021B,316.8,0.224,0.568,20.73,2.979
Rulindo,2022A,440.0,-0.089,0.479,20.61,2.797
Rulindo,2022B,282.9,-0.227,0.467,21.29,2.635
Rulindo,2023A,368.3,-0.726,0.481,19.3,2.461
Rulindo,2023B,259.7,-0.538,0.556,19.99,2.899
Rulindo,2024A,389.4,-0.538,0.517,20.39,2.787
Rulindo,2024B,259.9,-0.535,0.444,19.39,2.5
Rulindo,2025A,309.5,-1.249,0.466,20.13,2.539
Rulindo,2025B,169.7,-1.738,0.419,19.6,1.942
Gakenke,2015A,465.9,0.141,0.468,20.69,2.732
Gakenke,2015B,266.0,-0.453,0.524,21.32,2.34
Gakenke,2016A,384.6,-0.581,0.412,21.01,2.063
Gakenke,2016B,224.0,-1.013,0.474,20.03,2.081
Gakenke,2017A,518.2,0.606,0.545,21.34,2.599
Gakenke,2017B,250.3,-0.663,0.574,21.4,2.405
Gakenke,2018A,344.2,-0.941,0.454,20.56,2.079
Gakenke,2018B,293.2,-0.091,0.541,20.33,2.422
Gakenke,2019A,391.9,-0.517,0.545,19.41,2.512
Gakenke,2019B,238.5,-0.82,0.489,20.19,2.396
Gakenke,2020A,507.0,0.507,0.538,21.04,2.658
Gakenke,2020B,256.7,-0.577,0.516,20.11,2.498
Gakenke,2021A,362.9,-0.775,0.463,19.97,2.142
Gakenke,2021B,382.4,1.099,0.663,21.87,3.574
Gakenke,2022A,334.0,-1.031,0.47,19.56,2.076
Gakenke,2022B,252.7,-0.63,0.457,19.66,2.251
Gakenke,2023A,313.1,-1.217,0.486,19.77,2.41
Gakenke,2023B,266.1,-0.451,0.517,19.46,2.7
Gakenke,2024A,575.9,1.12,0.651,19.42,3.417
Gakenke,2024B,215.9,-1.121,0.519,21.15,2.126
Gakenke,2025A,175.9,-2.436,0.316,21.05,1.237
Gakenke,2025B,383.2,1.109,0.575,20.74,3.252
Musanze,2015A,263.4,-1.658,0.417,20.72,1.819
Musanze,2015B,161.1,-1.852,0.389,20.24,1.727
Musanze,2016A,386.6,-0.563,0.487,20.47,2.532
Musanze,2016B,277.2,-0.304,0.509,20.57,2.374
Musanze,2017A,503.7,0.477,0.588,20.53,3.288
Musanze,2017B,153.5,-1.953,0.315,20.72,1.472
Musanze,2018A,469.1,0.17,0.545,21.03,2.999
Musanze,2018B,336.3,0.484,0.578,18.81,3.385
Musanze,2019A,587.4,1.222,0.674,19.8,3.833
Musanze,2019B,364.5,0.861,0.681,19.8,3.545
Musanze,2020A,534.1,0.747,0.612,19.61,3.452
Musanze,2020B,343.4,0.579,0.6,20.68,3.153
Musanze,2021A,616.3,1.478,0.632,20.03,3.687
Musanze,2021B,365.9,0.879,0.56,19.45,2.978
Musanze,2022A,453.7,0.033,0.508,20.19,2.88
Musanze,2022B,251.9,-0.642,0.508,20.26,2.601
Musanze,2023A,503.5,0.475,0.56,20.37,3.241
Musanze,2023B,329.5,0.393,0.526,21.02,2.747
Musanze,2024A,608.9,1.413,0.704,20.73,3.811
Musanze,2024B,284.3,-0.209,0.56,20.2,2.857
Musanze,2025A,548.1,0.872,0.597,20.01,3.159
Musanze,2025B,220.2,-1.064,0.392,21.08,2.166
Burera,2015A,610.3,1.425,0.599,21.08,2.881
Burera,2015B,265.7,-0.457,0.518,18.89,2.13
Burera,2016A,330.3,-1.064,0.473,19.25,1.857
Burera,2016B,376.8,1.025,0.601,19.59,2.381
Burera,2017A,420.0,-0.266,0.505,19.26,2.16
Burera,2017B,266.3,-0.45,0.471,20.06,2.042
Burera,2018A,517.8,0.603,0.593,21.0,2.293
Burera,2018B,302.4,0.032,0.558,20.12,2.3
Burera,2019A,362.2,-0.78,0.508,20.94,1.582
Burera,2019B,389.3,1.19,0.523,20.01,2.671
Burera,2020A,414.3,-0.317,0.466,19.63,2.099
Burera,2020B,155.9,-1.922,0.441,20.46,1.324
Burera,2021A,384.4,-0.583,0.463,21.19,1.874
Burera,2021B,171.1,-1.719,0.396,19.81,1.515
Burera,2022A,298.1,-1.35,0.506,20.47,1.607
Burera,2022B,249.2,-0.677,0.464,19.48,1.901
Burera,2023A,311.9,-1.228,0.365,20.2,1.351
Burera,2023B,243.6,-0.752,0.453,19.8,2.011
Burera,2024A,456.3,0.056,0.564,19.08,2.261
Burera,2024B,316.1,0.215,0.526,21.23,2.041
Burera,2025A,417.8,-0.286,0.504,20.63,1.949
Burera,2025B,279.7,-0.271,0.519,19.91,2.146
Gicumbi,2015A,476.8,0.238,0.566,20.16,3.517
Gicumbi,2015B,282.3,-0.236,0.519,20.58,3.255
Gicumbi,2016A,299.2,-1.34,0.474,18.99,2.563
Gicumbi,2016B,418.1,1.575,0.696,20.64,4.175
Gicumbi,2017A,453.5,0.031,0.542,19.87,3.205
Gicumbi,2017B,314.9,0.198,0.535,19.85,3.082
Gicumbi,2018A,494.0,0.391,0.603,20.69,3.675
Gicumbi,2018B,306.6,0.088,0.573,20.74,3.266
Gicumbi,2019A,390.3,-0.531,0.596,20.14,3.027
Gicumbi,2019B,332.6,0.434,0.595,19.38,3.829
Gicumbi,2020A,439.4,-0.094,0.498,21.45,3.013
Gicumbi,2020B,205.2,-1.265,0.52,21.03,2.506
Gicumbi,2021A,628.9,1.59,0.684,20.48,4.142
Gicumbi,2021B,343.6,0.582,0.616,20.51,3.498
Gicumbi,2022A,464.6,0.13,0.558,19.43,3.131
Gicumbi,2022B,342.4,0.565,0.491,20.66,3.189
Gicumbi,2023A,597.2,1.308,0.635,21.03,3.89
Gicumbi,2023B,308.5,0.114,0.589,20.13,3.564
Gicumbi,2024A,338.2,-0.994,0.482,21.24,2.582
Gicumbi,2024B,443.7,1.916,0.673,19.4,4.276
Gicumbi,2025A,524.3,0.66,0.623,20.58,3.483
Gicumbi,2025B,357.5,0.767,0.562,21.43,3.984
Rwamagana,2015A,491.2,0.366,0.603,20.11,3.101
Rwamagana,2015B,254.8,-0.603,0.458,19.34,2.904
Rwamagana,2016A,480.7,0.273,0.587,20.25,3.285
Rwamagana,2016B,372.3,0.965,0.626,20.92,3.616
Rwamagana,2017A,411.5,-0.342,0.466,18.92,2.808
Rwamagana,2017B,304.2,0.056,0.503,20.47,2.981
Rwamagana,2018A,207.4,-2.156,0.341,20.83,1.591
Rwamagana,2018B,213.5,-1.154,0.464,21.32,2.365
Rwamagana,2019A,439.3,-0.095,0.524,20.0,3.078
Rwamagana,2019B,314.6,0.195,0.591,20.61,3.392
Rwamagana,2020A,460.6,0.095,0.589,21.2,3.03
Rwamagana,2020B,164.4,-1.808,0.467,20.71,1.886
Rwamagana,2021A,369.7,-0.714,0.524,20.28,2.651
Rwamagana,2021B,405.1,1.401,0.62,19.86,3.959
Rwamagana,2022A,493.9,0.39,0.601,21.23,3.346
Rwamagana,2022B,336.7,0.489,0.579,20.55,3.374
Rwamagana,2023A,474.2,0.215,0.598,20.94,3.264
Rwamagana,2023B,239.3,-0.809,0.488,20.48,2.589
Rwamagana,2024A,698.2,2.207,0.706,20.84,4.639
Rwamagana,2024B,307.4,0.098,0.651,20.2,3.475
Rwamagana,2025A,360.1,-0.799,0.472,20.7,2.611
Rwamagana,2025B,323.9,0.319,0.626,20.42,3.367
Nyagatare,2015A,565.6,2.704,0.782,21.92,4.284
Nyagatare,2015B,172.0,-0.943,0.512,22.21,2.284
Nyagatare,2016A,332.1,-0.064,0.574,21.82,2.661
Nyagatare,2016B,237.6,0.224,0.592,22.77,2.774
Nyagatare,2017A,394.7,0.677,0.574,22.08,2.94
Nyagatare,2017B,298.2,1.301,0.679,22.98,3.746
Nyagatare,2018A,574.8,2.813,0.707,21.91,4.157
Nyagatare,2018B,177.1,-0.851,0.439,22.26,1.986
Nyagatare,2019A,365.8,0.335,0.579,22.88,2.965
Nyagatare,2019B,258.9,0.603,0.583,24.2,2.932
Nyagatare,2020A,180.4,-1.862,0.361,21.11,1.611
Nyagatare,2020B,218.1,-0.122,0.522,24.11,2.526
Nyagatare,2021A,398.8,0.726,0.571,21.7,3.134
Nyagatare,2021B,234.7,0.173,0.49,22.36,2.646
Nyagatare,2022A,319.3,-0.215,0.5,22.07,2.519
Nyagatare,2022B,230.1,0.091,0.581,23.36,2.72
Nyagatare,2023A,299.0,-0.456,0.531,22.99,2.392
Nyagatare,2023B,269.5,0.79,0.652,23.53,3.491
Nyagatare,2024A,264.4,-0.866,0.481,22.51,2.185
Nyagatare,2024B,188.5,-0.649,0.439,22.57,2.084
Nyagatare,2025A,344.8,0.086,0.525,21.62,2.795
Nyagatare,2025B,233.5,0.151,0.585,24.25,2.756
Gatsibo,2015A,378.4,0.485,0.546,21.47,2.166
Gatsibo,2015B,173.1,-0.923,0.434,22.47,1.375
Gatsibo,2016A,261.4,-0.903,0.466,23.48,1.327
Gatsibo,2016B,146.6,-1.394,0.476,22.89,1.263
Gatsibo,2017A,204.0,-1.582,0.394,22.46,1.202
Gatsibo,2017B,166.7,-1.037,0.464,23.04,1.206
Gatsibo,2018A,424.7,1.034,0.585,22.77,2.174
Gatsibo,2018B,286.0,1.085,0.659,20.6,2.317
Gatsibo,2019A,349.2,0.138,0.553,22.88,1.919
Gatsibo,2019B,259.2,0.608,0.59,21.02,2.093
Gatsibo,2020A,372.6,0.416,0.54,23.01,1.976
Gatsibo,2020B,232.1,0.127,0.438,21.48,1.887
Gatsibo,2021A,291.4,-0.547,0.427,23.49,1.412
Gatsibo,2021B,287.2,1.105,0.649,22.87,2.312
Gatsibo,2022A,396.4,0.697,0.697,23.28,2.045
Gatsibo,2022B,250.1,0.447,0.631,23.46,1.986
Gatsibo,2023A,435.8,1.165,0.68,24.56,2.159
Gatsibo,2023B,196.5,-0.507,0.497,22.11,1.549
Gatsibo,2024A,104.4,-2.763,0.312,22.8,0.643
Gatsibo,2024B,333.9,1.935,0.705,23.53,2.585
Gatsibo,2025A,407.2,0.826,0.627,23.6,2.123
Gatsibo,2025B,252.9,0.496,0.604,22.27,2.107
Kayonza,2015A,526.0,2.234,0.718,22.84,3.514
Kayonza,2015B,289.1,1.14,0.642,20.59,3.02
Kayonza,2016A,150.2,-2.219,0.431,22.64,1.314
Kayonza,2016B,174.3,-0.902,0.416,22.71,1.644
Kayonza,2017A,296.0,-0.492,0.514,24.71,1.925
Kayonza,2017B,284.0,1.049,0.668,23.68,2.725
Kayonza,2018A,164.1,-2.055,0.378,23.15,1.101
Kayonza,2018B,215.1,-0.176,0.508,23.7,2.086
Kayonza,2019A,392.5,0.652,0.627,22.47,2.646
Kayonza,2019B,158.3,-1.185,0.368,22.62,1.482
Kayonza,2020A,439.5,1.209,0.71,23.76,2.743
Kayonza,2020B,205.2,-0.352,0.541,24.53,2.109
Kayonza,2021A,431.9,1.119,0.624,21.79,2.926
Kayonza,2021B,163.1,-1.101,0.452,22.41,1.814
Kayonza,2022A,307.6,-0.355,0.424,22.9,1.766
Kayonza,2022B,227.4,0.043,0.55,22.28,2.36
Kayonza,2023A,208.2,-1.533,0.407,23.05,1.353
Kayonza,2023B,134.5,-1.609,0.448,23.4,1.431
Kayonza,2024A,172.1,-1.961,0.421,21.17,1.441
Kayonza,2024B,175.1,-0.887,0.433,22.15,1.711
Kayonza,2025A,283.1,-0.644,0.522,22.14,2.093
Kayonza,2025B,240.8,0.281,0.545,21.81,2.176
Kirehe,2015A,362.0,0.291,0.559,20.6,1.724
Kirehe,2015B,174.3,-0.901,0.541,21.14,1.335
Kirehe,2016A,431.2,1.11,0.693,21.9,2.033
Kirehe,2016B,259.7,0.616,0.506,21.01,1.723
Kirehe,2017A,468.3,1.55,0.657,22.58,2.233
Kirehe,2017B,343.5,2.107,0.695,22.49,2.517
Kirehe,2018A,209.1,-1.522,0.469,21.69,1.165
Kirehe,2018B,211.4,-0.243,0.492,21.71,1.511
Kirehe,2019A,421.5,0.996,0.624,22.56,1.992
Kirehe,2019B,170.3,-0.972,0.502,23.16,1.427
Kirehe,2020A,305.8,-0.376,0.502,23.12,1.461
Kirehe,2020B,194.9,-0.535,0.491,22.93,1.303
Kirehe,2021A,302.9,-0.411,0.521,23.3,1.372
Kirehe,2021B,121.4,-1.842,0.326,21.49,0.82
Kirehe,2022A,324.5,-0.155,0.49,21.94,1.439
Kirehe,2022B,200.2,-0.441,0.568,23.03,1.493
Kirehe,2023A,298.6,-0.461,0.496,22.76,1.433
Kirehe,2023B,173.9,-0.908,0.479,20.87,1.372
Kirehe,2024A,401.8,0.762,0.6,23.95,1.697
Kirehe,2024B,237.2,0.217,0.566,22.42,1.664
Kirehe,2025A,346.5,0.107,0.592,23.6,1.628
Kirehe,2025B,270.9,0.815,0.587,23.11,1.742
Ngoma,2015A,429.5,1.091,0.726,22.4,2.086
Ngoma,2015B,194.2,-0.548,0.555,22.94,1.627
Ngoma,2016A,422.6,1.009,0.65,23.47,2.235
Ngoma,2016B,310.6,1.522,0.686,23.22,2.307
Ngoma,2017A,286.8,-0.601,0.57,22.67,1.698
Ngoma,2017B,232.0,0.124,0.536,22.51,1.9
Ngoma,2018A,384.3,0.555,0.526,22.33,2.044
Ngoma,2018B,213.0,-0.214,0.461,24.01,1.527
Ngoma,2019A,331.6,-0.07,0.53,23.37,1.619
Ngoma,2019B,289.6,1.148,0.664,22.7,2.255
Ngoma,2020A,322.7,-0.175,0.578,21.81,1.657
Ngoma,2020B,259.6,0.614,0.624,22.88,2.066
Ngoma,2021A,310.5,-0.321,0.556,22.46,1.651
Ngoma,2021B,207.5,-0.312,0.606,21.11,1.899
Ngoma,2022A,195.8,-1.679,0.411,22.15,1.002
Ngoma,2022B,246.9,0.389,0.566,20.82,2.067
Ngoma,2023A,458.6,1.435,0.724,22.79,2.414
Ngoma,2023B,299.7,1.328,0.724,23.41,2.235
Ngoma,2024A,354.5,0.201,0.584,21.05,1.998
Ngoma,2024B,352.9,2.273,0.757,23.68,2.655
Ngoma,2025A,331.3,-0.073,0.559,21.85,1.71
Ngoma,2025B,296.2,1.266,0.706,21.71,2.511
Bugesera,2015A,330.2,-0.087,0.557,22.87,2.651
Bugesera,2015B,229.7,0.083,0.613,22.75,2.821
Bugesera,2016A,267.2,-0.833,0.57,22.88,2.356
Bugesera,2016B,134.5,-1.608,0.388,23.49,1.515
Bugesera,2017A,176.0,-1.914,0.438,22.06,1.729
Bugesera,2017B,220.1,-0.088,0.551,23.44,2.355
Bugesera,2018A,253.7,-0.993,0.463,23.16,1.804
Bugesera,2018B,131.2,-1.668,0.45,22.02,1.704
Bugesera,2019A,180.8,-1.857,0.374,22.49,1.514
Bugesera,2019B,181.6,-0.771,0.555,21.95,2.257
Bugesera,2020A,467.2,1.537,0.681,22.06,3.478
Bugesera,2020B,301.1,1.353,0.717,21.85,3.532
Bugesera,2021A,345.1,0.09,0.518,22.46,2.532
Bugesera,2021B,289.1,1.14,0.69,22.24,3.325
Bugesera,2022A,393.5,0.664,0.58,22.97,2.844
Bugesera,2022B,170.5,-0.969,0.434,23.66,1.818
Bugesera,2023A,475.9,1.64,0.661,22.73,3.851
Bugesera,2023B,165.5,-1.057,0.389,23.53,1.631
Bugesera,2024A,335.8,-0.021,0.525,22.71,2.368
Bugesera,2024B,214.9,-0.18,0.554,21.69,2.488
Bugesera,2025A,308.2,-0.347,0.465,22.16,2.276
Bugesera,2025B,202.5,-0.4,0.507,22.48,2.243
